{
  "cost_assumption_usd": 0.5,
  "note": "ROUND_TRIP_COST_USD = placeholder \u0e23\u0e2d broker \u0e08\u0e23\u0e34\u0e07 \u00a710.6",
  "selftest": {
    "cases": {
      "random_walk": {
        "2": {
          "q": 2,
          "VR": 0.9992689101368273,
          "z_star": -0.32780043030575184,
          "p_value": 0.7430625619481194,
          "n": 200000
        },
        "8": {
          "q": 8,
          "VR": 1.000113158403439,
          "z_star": 0.0171102728833675,
          "p_value": 0.9863486435369455,
          "n": 200000
        },
        "30": {
          "q": 30,
          "VR": 0.9933797066449799,
          "z_star": -0.4803916882310995,
          "p_value": 0.6309489034054754,
          "n": 200000
        }
      },
      "mean_revert_AR(-0.3)": {
        "2": {
          "q": 2,
          "VR": 0.7030526023832224,
          "z_star": -122.07204352324625,
          "p_value": 0.0,
          "n": 200000
        },
        "8": {
          "q": 8,
          "VR": 0.5826099045274676,
          "z_star": -61.01369143130533,
          "p_value": 0.0,
          "n": 200000
        },
        "30": {
          "q": 30,
          "VR": 0.5451641949835621,
          "z_star": -32.665224835323876,
          "p_value": 4.871576391011098e-234,
          "n": 200000
        }
      },
      "trend_AR(+0.3)": {
        "2": {
          "q": 2,
          "VR": 1.2990345180433063,
          "z_star": 123.10105291668603,
          "p_value": 0.0,
          "n": 200000
        },
        "8": {
          "q": 8,
          "VR": 1.6856396672414424,
          "z_star": 100.35606072280235,
          "p_value": 0.0,
          "n": 200000
        },
        "30": {
          "q": 30,
          "VR": 1.7675928606031537,
          "z_star": 55.15207511005061,
          "p_value": 0.0,
          "n": 200000
        }
      }
    },
    "pass": true
  },
  "blocks": [
    {
      "label": "FULL",
      "years": [
        2011,
        2026
      ],
      "n_segments": 3875,
      "n_returns": 5098498,
      "ref_price_usd": 1582.565,
      "variance_ratio": [
        {
          "q": 2,
          "VR": 0.9889714513026245,
          "z_star": -6.037382869754627,
          "p_value": 1.5663377884791967e-09,
          "n": 5098498,
          "move_usd": 0.6128131154007249,
          "move_vs_cost": 1.2256262308014498
        },
        {
          "q": 4,
          "VR": 0.971534190641315,
          "z_star": -8.787646280803642,
          "p_value": 1.5272594968560966e-18,
          "n": 5098498,
          "move_usd": 0.8666486189998137,
          "move_vs_cost": 1.7332972379996274
        },
        {
          "q": 8,
          "VR": 0.9593082860077315,
          "z_star": -8.375294321624818,
          "p_value": 5.508602907858321e-17,
          "n": 5098498,
          "move_usd": 1.2256262308014498,
          "move_vs_cost": 2.4512524616028997
        },
        {
          "q": 16,
          "VR": 0.9476908487233818,
          "z_star": -7.689648916791665,
          "p_value": 1.4753931932268345e-14,
          "n": 5098498,
          "move_usd": 1.7332972379996274,
          "move_vs_cost": 3.466594475999255
        },
        {
          "q": 30,
          "VR": 0.9463276178219336,
          "z_star": -6.028339539174305,
          "p_value": 1.6565275102161292e-09,
          "n": 5098498,
          "move_usd": 2.373414990284491,
          "move_vs_cost": 4.746829980568982
        },
        {
          "q": 60,
          "VR": 0.9542853928875704,
          "z_star": -3.9385453692315013,
          "p_value": 8.197709454500552e-05,
          "n": 5098498,
          "move_usd": 3.3565156683999358,
          "move_vs_cost": 6.7130313367998715
        },
        {
          "q": 120,
          "VR": 0.9777316882296789,
          "z_star": -1.489549554023984,
          "p_value": 0.1363427145347315,
          "n": 5098498,
          "move_usd": 4.746829980568982,
          "move_vs_cost": 9.493659961137965
        },
        {
          "q": 240,
          "VR": 1.011305376906723,
          "z_star": 0.588205685545232,
          "p_value": 0.5563942416160914,
          "n": 5098498,
          "move_usd": 6.7130313367998715,
          "move_vs_cost": 13.426062673599743
        }
      ],
      "hurst_dfa": 0.5275750663685188
    },
    {
      "label": "IN-SAMPLE",
      "years": [
        2011,
        2021
      ],
      "n_segments": 2818,
      "n_returns": 3680290,
      "ref_price_usd": 1335.15,
      "variance_ratio": [
        {
          "q": 2,
          "VR": 0.988024870076401,
          "z_star": -6.485668860565412,
          "p_value": 8.833899737065044e-11,
          "n": 3680290,
          "move_usd": 0.5061864303903109,
          "move_vs_cost": 1.0123728607806217
        },
        {
          "q": 4,
          "VR": 0.9712912759790816,
          "z_star": -8.804240416055674,
          "p_value": 1.3174172557325e-18,
          "n": 3680290,
          "move_usd": 0.7158557149472022,
          "move_vs_cost": 1.4317114298944045
        },
        {
          "q": 8,
          "VR": 0.9589914199937699,
          "z_star": -8.503650928678516,
          "p_value": 1.8371941344897556e-17,
          "n": 3680290,
          "move_usd": 1.0123728607806217,
          "move_vs_cost": 2.0247457215612434
        },
        {
          "q": 16,
          "VR": 0.9446901473505377,
          "z_star": -8.244539450705503,
          "p_value": 1.6579755151124001e-16,
          "n": 3680290,
          "move_usd": 1.4317114298944045,
          "move_vs_cost": 2.863422859788809
        },
        {
          "q": 30,
          "VR": 0.9407679578209888,
          "z_star": -6.8283444483819,
          "p_value": 8.590014112797442e-12,
          "n": 3680290,
          "move_usd": 1.960451614977854,
          "move_vs_cost": 3.920903229955708
        },
        {
          "q": 60,
          "VR": 0.9481962176311389,
          "z_star": -4.586440842476132,
          "p_value": 4.508660772557445e-06,
          "n": 3680290,
          "move_usd": 2.772497262277918,
          "move_vs_cost": 5.544994524555836
        },
        {
          "q": 120,
          "VR": 0.9780145719691669,
          "z_star": -1.496927912834191,
          "p_value": 0.13441201631418587,
          "n": 3680290,
          "move_usd": 3.920903229955708,
          "move_vs_cost": 7.841806459911416
        },
        {
          "q": 240,
          "VR": 1.0213022306476163,
          "z_star": 1.1147517526844242,
          "p_value": 0.2649568168797998,
          "n": 3680290,
          "move_usd": 5.544994524555836,
          "move_vs_cost": 11.089989049111672
        }
      ],
      "hurst_dfa": 0.5267897030975883
    },
    {
      "label": "OUT-OF-SAMPLE",
      "years": [
        2022,
        2026
      ],
      "n_segments": 1057,
      "n_returns": 1418208,
      "ref_price_usd": 2036.49,
      "variance_ratio": [
        {
          "q": 2,
          "VR": 0.9910921800994651,
          "z_star": -2.1017555937901617,
          "p_value": 0.03557469088002305,
          "n": 1418208,
          "move_usd": 0.8298843121534041,
          "move_vs_cost": 1.6597686243068082
        },
        {
          "q": 4,
          "VR": 0.9720650397555055,
          "z_star": -3.7023996948347575,
          "p_value": 0.0002135698067441523,
          "n": 1418208,
          "move_usd": 1.173633649448011,
          "move_vs_cost": 2.347267298896022
        },
        {
          "q": 8,
          "VR": 0.9599867719314604,
          "z_star": -3.4904538623549675,
          "p_value": 0.00048220086553258897,
          "n": 1418208,
          "move_usd": 1.6597686243068082,
          "move_vs_cost": 3.3195372486136163
        },
        {
          "q": 16,
          "VR": 0.9543630557690975,
          "z_star": -2.8272370662890633,
          "p_value": 0.004695155514405615,
          "n": 1418208,
          "move_usd": 2.347267298896022,