{
  "cost_assumption_usd": 0.5,
  "note": "ROUND_TRIP_COST_USD = placeholder \u0e23\u0e2d broker \u0e08\u0e23\u0e34\u0e07 \u00a710.6",
  "selftest": {
    "cases": {
      "random_walk": {
        "2": {
          "q": 2,
          "VR": 0.9992689101368273,
          "z_star": -0.32780043030575184,
          "p_value": 0.7430625619481194,
          "n": 200000
        },
        "8": {
          "q": 8,
          "VR": 1.000113158403439,
          "z_star": 0.0171102728833675,
          "p_value": 0.9863486435369455,
          "n": 200000
        },
        "30": {
          "q": 30,
          "VR": 0.9933797066449799,
          "z_star": -0.4803916882310995,
          "p_value": 0.6309489034054754,
          "n": 200000
        }
      },
      "mean_revert_AR(-0.3)": {
        "2": {
          "q": 2,
          "VR": 0.7030526023832224,
          "z_star": -122.07204352324625,
          "p_value": 0.0,
          "n": 200000
        },
        "8": {
          "q": 8,
          "VR": 0.5826099045274676,
          "z_star": -61.01369143130533,
          "p_value": 0.0,
          "n": 200000
        },
        "30": {
          "q": 30,
          "VR": 0.5451641949835621,
          "z_star": -32.665224835323876,
          "p_value": 4.871576391011098e-234,
          "n": 200000
        }
      },
      "trend_AR(+0.3)": {
        "2": {
          "q": 2,
          "VR": 1.2990345180433063,
          "z_star": 123.10105291668603,
          "p_value": 0.0,
          "n": 200000
        },
        "8": {
          "q": 8,
          "VR": 1.6856396672414424,
          "z_star": 100.35606072280235,
          "p_value": 0.0,
          "n": 200000
        },
        "30": {
          "q": 30,
          "VR": 1.7675928606031537,
          "z_star": 55.15207511005061,
          "p_value": 0.0,
          "n": 200000
        }
      }
    },
    "pass": true
  }
}